watched_or_not,participant_response
not_watched,respond_yes
not_watched,respond_no
not_watched,respond_no
watched,respond_yes
not_watched,respond_yes
not_watched,respond_no
watched,respond_yes
watched,respond_no
watched,respond_no
watched,respond_no
not_watched,respond_yes
not_watched,respond_no
watched,respond_yes
not_watched,respond_no
not_watched,respond_yes
not_watched,respond_yes
not_watched,respond_no
not_watched,respond_no
watched,respond_yes
not_watched,respond_yes
not_watched,respond_no
watched,respond_yes
not_watched,respond_no
not_watched,respond_no
watched,respond_yes
not_watched,respond_no
not_watched,respond_no
watched,respond_yes
watched,respond_yes
watched,respond_no
watched,respond_yes
not_watched,respond_yes
not_watched,respond_no
watched,respond_yes
watched,respond_yes
not_watched,respond_no
watched,respond_yes
watched,respond_yes
not_watched,respond_yes
not_watched,respond_yes
watched,respond_yes
watched,respond_no
not_watched,respond_no
not_watched,respond_yes
not_watched,respond_yes
not_watched,respond_yes
watched,respond_yes
watched,respond_no
not_watched,respond_no
watched,respond_yes
watched,respond_no
not_watched,respond_no
watched,respond_yes
watched,respond_yes
watched,respond_yes
watched,respond_no
not_watched,respond_yes
not_watched,respond_yes
not_watched,respond_yes
not_watched,respond_yes
not_watched,respond_no
watched,respond_yes
watched,respond_no
not_watched,respond_yes
watched,respond_no
watched,respond_no
not_watched,respond_no
watched,respond_yes
watched,respond_yes
watched,respond_no
watched,respond_yes
not_watched,respond_yes
not_watched,respond_no
not_watched,respond_no
watched,respond_yes
watched,respond_yes
not_watched,respond_yes
watched,respond_yes
watched,respond_no
watched,respond_no
watched,respond_yes
watched,respond_no
not_watched,respond_yes
not_watched,respond_yes
not_watched,respond_yes
not_watched,respond_no
watched,respond_yes
watched,respond_no
not_watched,respond_no
watched,respond_no
not_watched,respond_yes
not_watched,respond_yes
watched,respond_yes
not_watched,respond_no
not_watched,respond_yes
watched,respond_yes
not_watched,respond_yes
not_watched,respond_yes
watched,respond_yes
not_watched,respond_yes
not_watched,respond_no
watched,respond_yes
watched,respond_yes
watched,respond_no
watched,respond_yes
watched,respond_no
not_watched,respond_yes
watched,respond_yes
not_watched,respond_yes
not_watched,respond_yes
watched,respond_yes
watched,respond_no
not_watched,respond_yes
not_watched,respond_yes
watched,respond_yes
watched,respond_no
not_watched,respond_no
watched,respond_yes
not_watched,respond_yes
not_watched,respond_yes
watched,respond_yes
watched,respond_no
watched,respond_no
watched,respond_yes
watched,respond_yes
watched,respond_no
watched,respond_yes
watched,respond_yes
watched,respond_yes
not_watched,respond_yes
not_watched,respond_yes
watched,respond_no
not_watched,respond_yes
not_watched,respond_yes
watched,respond_yes
watched,respond_yes
not_watched,respond_yes
watched,respond_yes
not_watched,respond_no
not_watched,respond_yes
watched,respond_no
watched,respond_no
not_watched,respond_yes
